User-ID,Age
133.0,37.0
143.0,24.0
217.0,35.0
287.0,40.0
368.0,20.0
370.0,23.0
373.0,26.0
405.0,14.0
423.0,16.0
456.0,34.0
488.0,22.0
509.0,23.0
541.0,36.0
589.0,33.0
657.0,22.0
714.0,22.0
855.0,36.0
921.0,28.0
941.0,29.0
1000.0,26.0
1037.0,30.0
1112.0,22.0
1142.0,36.0
1222.0,34.0
1227.0,31.0
1230.0,27.0
1272.0,43.0
1312.0,30.0
1369.0,46.0
1377.0,30.0
1392.0,23.0
1406.0,34.0
1420.0,23.0
1424.0,42.0
1642.0,42.0
1783.0,25.0
1892.0,34.0
1902.0,42.0
1989.0,52.0
2030.0,20.0
2039.0,29.0
2046.0,25.0
2048.0,30.0
2152.0,31.0
2162.0,68.0
2178.0,25.0
2230.0,24.0
2264.0,18.0
2336.0,23.0
2346.0,46.0
2388.0,25.0
2448.0,48.0
2491.0,27.0
2535.0,39.0
2557.0,61.0
2643.0,38.0
2677.0,33.0
2813.0,32.0
2830.0,18.0
2923.0,30.0
3006.0,30.0
3066.0,26.0
3185.0,48.0
3273.0,20.0
3299.0,30.0
3337.0,14.0
3369.0,60.0
3391.0,32.0
3395.0,29.0
3422.0,26.0
3632.0,25.0
3636.0,25.0
3668.0,27.0
3739.0,28.0
3842.0,38.0
3849.0,32.0
3870.0,46.0
3901.0,35.0
3918.0,29.0
3931.0,20.0
3970.0,30.0
4034.0,28.0
4038.0,34.0
4053.0,31.0
4054.0,37.0
4061.0,62.0
4083.0,22.0
4112.0,31.0
4160.0,29.0
4415.0,28.0
4417.0,8.0
4421.0,23.0
4436.0,30.0
4512.0,30.0
4515.0,28.0
4553.0,49.0
4569.0,26.0
4721.0,21.0
4874.0,17.0
4889.0,23.0
4936.0,27.0
4997.0,26.0
5052.0,39.0
5092.0,44.0
5101.0,31.0
5105.0,26.0
5121.0,28.0
5149.0,48.0
5176.0,28.0
5384.0,2.0
5385.0,34.0
5456.0,24.0
5498.0,26.0
5503.0,65.0
5517.0,47.0
5544.0,18.0
5545.0,37.0
5561.0,27.0
5681.0,26.0
5710.0,24.0
5793.0,30.0
5843.0,26.0
5859.0,21.0
5940.0,27.0
5971.0,34.0
6129.0,22.0
6164.0,36.0
6239.0,66.0
6263.0,61.0
6298.0,44.0
6343.0,17.0
6369.0,27.0
6444.0,15.0
6553.0,29.0
6574.0,27.0
6595.0,22.0
6712.0,27.0
6868.0,58.0
6927.0,51.0
7015.0,49.0
7148.0,21.0
7164.0,25.0
7181.0,47.0
7203.0,42.0
7340.0,21.0
7366.0,37.0
7435.0,26.0
7472.0,41.0
7553.0,18.0
7721.0,18.0
7742.0,22.0
7796.0,48.0
7896.0,18.0
7903.0,38.0
7921.0,29.0
7950.0,24.0
7992.0,41.0
7996.0,58.0
8062.0,22.0
8071.0,29.0
8097.0,21.0
8192.0,65.0
8239.0,49.0
8346.0,27.0
8370.0,32.0
8387.0,29.0
8404.0,51.0
8406.0,31.0
8437.0,54.0
8443.0,31.0
8553.0,28.0
8611.0,36.0
8702.0,41.0
8804.0,23.0
8883.0,57.0
8892.0,35.0
8925.0,72.0
8926.0,26.0
8929.0,27.0
8932.0,31.0
9046.0,33.0
9115.0,27.0
9242.0,39.0
9270.0,37.0
9280.0,37.0
9297.0,28.0
9353.0,33.0
9539.0,34.0
9545.0,23.0
9591.0,38.0
9659.0,21.0
9687.0,23.0
9689.0,29.0
9880.0,36.0
9887.0,27.0
9917.0,30.0
9918.0,25.0
9965.0,44.0
9997.0,47.0
10001.0,28.0
10057.0,32.0
10206.0,36.0
10217.0,28.0
10280.0,33.0
10282.0,40.0
10299.0,42.0
10309.0,35.0
10357.0,29.0
10395.0,47.0
10445.0,26.0
10463.0,55.0
10469.0,53.0
10498.0,41.0
10519.0,23.0
10638.0,67.0
10643.0,23.0
10648.0,31.0
10709.0,38.0
10843.0,37.0
10936.0,33.0
11053.0,43.0
11104.0,32.0
11156.0,29.0
11175.0,33.0
11184.0,38.0
11190.0,30.0
11222.0,26.0
11233.0,36.0
11284.0,34.0
11316.0,34.0
11324.0,41.0
11364.0,37.0
11629.0,28.0
11711.0,36.0
11774.0,60.0
11858.0,47.0
11971.0,37.0
12041.0,69.0
12096.0,19.0
12105.0,44.0
12145.0,23.0
12278.0,44.0
12279.0,34.0
12281.0,39.0
12326.0,48.0
12358.0,32.0
12387.0,27.0
12392.0,36.0
12407.0,31.0
12444.0,29.0
12485.0,39.0
12488.0,32.0
12524.0,25.0
12621.0,40.0
12693.0,41.0
12831.0,47.0
12838.0,20.0
12861.0,44.0
12870.0,36.0
13000.0,28.0
13062.0,56.0
13065.0,32.0
13139.0,21.0
13197.0,31.0
13227.0,24.0
13250.0,31.0
13268.0,37.0
13386.0,43.0
13462.0,35.0
13477.0,52.0
13505.0,45.0
13539.0,36.0
13601.0,38.0
13675.0,51.0
13699.0,28.0
13761.0,18.0
13824.0,54.0
13944.0,28.0
13977.0,30.0
13994.0,37.0
14353.0,56.0
14376.0,26.0
14387.0,41.0
14460.0,25.0
14496.0,45.0
14542.0,36.0
14555.0,22.0
14586.0,43.0
14708.0,45.0
14713.0,36.0
14717.0,20.0
14828.0,55.0
14849.0,37.0
14903.0,28.0
14949.0,38.0
14951.0,36.0
15018.0,32.0
15080.0,51.0
15087.0,56.0
15127.0,29.0
15137.0,44.0
15312.0,47.0
15391.0,65.0
15400.0,31.0
15419.0,30.0
15477.0,38.0
15513.0,41.0
15638.0,33.0
15653.0,50.0
15768.0,18.0
15784.0,21.0
15814.0,24.0
15820.0,42.0
15953.0,65.0
15992.0,27.0
16009.0,44.0
16027.0,67.0
16038.0,41.0
16043.0,37.0
16127.0,39.0
16160.0,35.0
16386.0,49.0
16490.0,14.0
16521.0,30.0
16584.0,41.0
16676.0,32.0
16750.0,57.0
16799.0,33.0
16800.0,34.0
16884.0,28.0
16927.0,31.0
16964.0,25.0
17029.0,26.0
17045.0,61.0
17057.0,23.0
17074.0,23.0
17133.0,15.0
17190.0,31.0
17193.0,50.0
17215.0,31.0
17235.0,24.0
17246.0,29.0
17277.0,33.0
17280.0,18.0
17305.0,28.0
17323.0,31.0
17324.0,26.0
17360.0,58.0
17435.0,39.0
17472.0,38.0
17541.0,37.0
17555.0,38.0
17643.0,39.0
17673.0,48.0
17803.0,26.0
18005.0,53.0
18035.0,33.0
18040.0,38.0
18102.0,37.0
18105.0,37.0
18125.0,11.0
18128.0,25.0
18215.0,27.0
18222.0,25.0
18225.0,49.0
18323.0,23.0
18340.0,40.0
18366.0,23.0
18380.0,22.0
18398.0,25.0
18431.0,24.0
18458.0,32.0
18461.0,23.0
18467.0,26.0
18490.0,39.0
18496.0,18.0
18503.0,24.0
18511.0,24.0
18522.0,45.0
18552.0,43.0
18586.0,47.0
18592.0,41.0
18608.0,29.0
18657.0,29.0
18724.0,33.0
18761.0,38.0
18763.0,34.0
18776.0,75.0
18799.0,38.0
18836.0,26.0
18838.0,33.0
18882.0,51.0
18900.0,30.0
19028.0,54.0
19066.0,12.0
19075.0,52.0
19089.0,49.0
19112.0,40.0
19182.0,29.0
19190.0,24.0
19260.0,29.0
19308.0,30.0
19373.0,22.0
19422.0,44.0
19456.0,19.0
19478.0,17.0
19497.0,49.0
19560.0,36.0
19599.0,28.0
19703.0,37.0
19814.0,30.0
19847.0,44.0
19850.0,35.0
19896.0,26.0
19912.0,29.0
19920.0,24.0
19973.0,39.0
20036.0,47.0
20069.0,27.0
20210.0,33.0
20211.0,29.0
20248.0,48.0
20271.0,35.0
20279.0,25.0
20298.0,24.0
20310.0,51.0
20354.0,25.0
20389.0,22.0
20477.0,35.0
20523.0,54.0
20661.0,53.0
20662.0,37.0
20747.0,26.0
20769.0,47.0
20892.0,37.0
20912.0,26.0
20927.0,33.0
20975.0,24.0
20995.0,56.0
21067.0,24.0
21122.0,48.0
21138.0,40.0
21145.0,31.0
21297.0,53.0
21305.0,32.0
21369.0,34.0
21384.0,36.0
21422.0,8.0
21475.0,26.0
21503.0,30.0
21624.0,39.0
21658.0,50.0
21816.0,48.0
21842.0,39.0
21844.0,32.0
21882.0,48.0
21925.0,24.0
21968.0,27.0
21973.0,29.0
21984.0,56.0
21986.0,33.0
22027.0,39.0
22042.0,62.0
22044.0,43.0
22095.0,42.0
22175.0,46.0
22201.0,30.0
22213.0,27.0
22219.0,22.0
22255.0,41.0
22265.0,33.0
22325.0,27.0
22389.0,27.0
22397.0,30.0
22413.0,36.0
22417.0,33.0
22433.0,25.0
22444.0,32.0
22458.0,18.0
22509.0,23.0
22596.0,43.0
22653.0,50.0
22665.0,57.0
22689.0,30.0
22699.0,26.0
22857.0,33.0
22960.0,33.0
23010.0,34.0
23038.0,31.0
23082.0,17.0
23086.0,40.0
23111.0,49.0
23153.0,31.0
23178.0,52.0
23237.0,37.0
23248.0,26.0
23275.0,44.0
23358.0,44.0
23387.0,38.0
23404.0,37.0
23438.0,45.0
23478.0,47.0
23482.0,11.0
23506.0,20.0
23509.0,48.0
23538.0,26.0
23554.0,35.0
23578.0,56.0
23594.0,32.0
23644.0,38.0
23666.0,35.0
23748.0,49.0
23907.0,44.0
24030.0,33.0
24081.0,59.0
24135.0,34.0
24249.0,42.0
24264.0,39.0
24413.0,49.0
24414.0,37.0
24426.0,28.0
24432.0,53.0
24443.0,40.0
24521.0,36.0
24523.0,42.0
24582.0,38.0
24616.0,40.0
24697.0,34.0
24822.0,51.0
24827.0,40.0
24875.0,68.0
24888.0,42.0
24889.0,25.0
24925.0,58.0
24938.0,54.0
24967.0,52.0
25026.0,19.0
25129.0,50.0
25134.0,47.0
25166.0,18.0
25330.0,33.0
25354.0,47.0
25419.0,78.0
25438.0,52.0
25503.0,50.0
25551.0,15.0
25623.0,26.0
25642.0,42.0
25676.0,45.0
25677.0,29.0
25731.0,22.0
25746.0,24.0
25838.0,36.0
25876.0,42.0
25905.0,33.0
25947.0,29.0
25973.0,57.0
26057.0,26.0
26098.0,27.0
26176.0,31.0
26177.0,32.0
26206.0,34.0
26243.0,43.0
26276.0,23.0
26412.0,50.0
26445.0,28.0
26474.0,26.0
26475.0,22.0
26613.0,20.0
26649.0,39.0
26657.0,20.0
26729.0,31.0
26802.0,29.0
26806.0,39.0
26970.0,34.0
27046.0,35.0
27067.0,33.0
27108.0,51.0
27126.0,48.0
27127.0,51.0
27202.0,33.0
27551.0,43.0
27556.0,34.0
27631.0,29.0
27636.0,26.0
27655.0,38.0
27688.0,27.0
27715.0,55.0
27721.0,37.0
27747.0,14.0
28024.0,35.0
28034.0,31.0
28106.0,35.0
28166.0,42.0
28174.0,33.0
28252.0,29.0
28457.0,27.0
28460.0,34.0
28601.0,32.0
28666.0,40.0
28667.0,37.0
28700.0,43.0
28707.0,16.0
28816.0,40.0
28842.0,18.0
28884.0,35.0
28972.0,51.0
29022.0,24.0
29031.0,23.0
29224.0,57.0
29346.0,38.0
29370.0,43.0
29378.0,41.0
29379.0,26.0
29404.0,38.0
29435.0,26.0
29508.0,28.0
29526.0,26.0
29542.0,37.0
29730.0,35.0
29800.0,48.0
29850.0,27.0
29940.0,58.0
29974.0,36.0
29975.0,62.0
30183.0,30.0
30290.0,50.0
30389.0,52.0
30395.0,26.0
30529.0,25.0
30574.0,25.0
30692.0,48.0
30702.0,41.0
30734.0,26.0
30735.0,54.0
30777.0,34.0
30929.0,34.0
30959.0,59.0
30972.0,31.0
31039.0,43.0
31049.0,37.0
31056.0,27.0
31070.0,46.0
31128.0,49.0
31158.0,47.0
31161.0,32.0
31200.0,17.0
31219.0,61.0
31243.0,38.0
31261.0,31.0
31360.0,38.0
31399.0,45.0
31417.0,33.0
31451.0,26.0
31532.0,38.0
31562.0,61.0
31604.0,42.0
31761.0,29.0
31790.0,36.0
31811.0,21.0
31825.0,34.0
31844.0,52.0
31900.0,34.0
31912.0,49.0
31916.0,28.0
32017.0,30.0
32024.0,40.0
32037.0,30.0
32044.0,22.0
32183.0,55.0
32238.0,27.0
32383.0,27.0
32389.0,24.0
32397.0,27.0
32473.0,43.0
32496.0,24.0
32662.0,30.0
32810.0,33.0
32817.0,35.0
32880.0,34.0
32893.0,44.0
32912.0,31.0
32918.0,33.0
32962.0,47.0
32985.0,25.0
32993.0,48.0
32999.0,37.0
33127.0,42.0
33158.0,25.0
33159.0,43.0
33160.0,35.0
33198.0,34.0
33303.0,37.0
33373.0,28.0
33394.0,45.0
33414.0,17.0
33485.0,34.0
33566.0,36.0
33632.0,22.0
33633.0,19.0
33690.0,35.0
33711.0,40.0
33716.0,63.0
33746.0,22.0
33757.0,30.0
33799.0,39.0
33976.0,23.0
34037.0,52.0
34070.0,30.0
34124.0,32.0
34127.0,38.0
34244.0,52.0
34276.0,38.0
34308.0,39.0
34335.0,29.0
34423.0,27.0
34498.0,52.0
34506.0,43.0
34702.0,52.0
34706.0,26.0
34756.0,43.0
34766.0,58.0
34834.0,14.0
34908.0,81.0
34925.0,57.0
34974.0,23.0
34996.0,26.0
35019.0,36.0
35059.0,33.0
35072.0,54.0
35159.0,35.0
35213.0,38.0
35243.0,58.0
35273.0,34.0
35317.0,28.0
35330.0,19.0
35384.0,37.0
35396.0,36.0
35400.0,55.0
35405.0,33.0
35418.0,41.0
35572.0,39.0
35655.0,53.0
35686.0,24.0
35793.0,27.0
35807.0,66.0
35833.0,28.0
35836.0,27.0
35867.0,42.0
35877.0,40.0
35910.0,35.0
35997.0,47.0
36007.0,52.0
36054.0,50.0
36084.0,43.0
36101.0,36.0
36106.0,37.0
36117.0,31.0
36190.0,41.0
36219.0,57.0
36271.0,38.0
36325.0,24.0
36366.0,25.0
36466.0,50.0
36474.0,53.0
36541.0,44.0
36598.0,25.0
36882.0,58.0
36919.0,35.0
36993.0,63.0
37001.0,44.0
37172.0,19.0
37214.0,9.0
37233.0,30.0
37252.0,31.0
37261.0,29.0
37342.0,26.0
37394.0,40.0
37486.0,31.0
37591.0,47.0
37603.0,39.0
37612.0,27.0
37615.0,39.0
37647.0,23.0
37654.0,23.0
37673.0,44.0
37894.0,29.0
37913.0,22.0
38036.0,41.0
38055.0,15.0
38074.0,24.0
38100.0,29.0
38184.0,45.0
38224.0,21.0
38242.0,28.0
38281.0,28.0
38403.0,43.0
38447.0,46.0
38464.0,27.0
38524.0,51.0
38525.0,36.0
38528.0,34.0
38718.0,43.0
38807.0,34.0
38852.0,17.0
38924.0,54.0
38971.0,58.0
38983.0,31.0
38991.0,42.0
39167.0,26.0
39209.0,32.0
39210.0,40.0
39240.0,34.0
39265.0,18.0
39279.0,36.0
39289.0,29.0
39366.0,48.0
39459.0,28.0
39491.0,29.0
39617.0,34.0
39647.0,52.0
39679.0,29.0
39707.0,16.0
39750.0,27.0
39769.0,36.0
39797.0,42.0
39816.0,67.0
39888.0,28.0
39936.0,42.0
39978.0,31.0
40060.0,35.0
40079.0,36.0
40121.0,20.0
40136.0,13.0
40185.0,26.0
40191.0,39.0
40230.0,30.0
40258.0,31.0
40263.0,29.0
40321.0,45.0
40335.0,60.0
40339.0,42.0
40400.0,47.0
40410.0,50.0
40513.0,50.0
40563.0,35.0
40592.0,39.0
40615.0,10.0
40703.0,34.0
40720.0,22.0
40762.0,50.0
40766.0,28.0
40849.0,35.0
40881.0,49.0
40952.0,46.0
40961.0,52.0
41135.0,37.0
41189.0,26.0
41198.0,43.0
41224.0,55.0
41244.0,42.0
41252.0,28.0
41291.0,31.0
41338.0,55.0
41421.0,46.0
41429.0,29.0
41441.0,36.0
41568.0,29.0
41601.0,33.0
41611.0,24.0
41628.0,32.0
41666.0,41.0
41684.0,34.0
41781.0,41.0
41785.0,43.0
41832.0,30.0
41839.0,19.0
41903.0,25.0
41972.0,24.0
41980.0,31.0
42023.0,23.0
42024.0,36.0
42032.0,57.0
42110.0,26.0
42126.0,42.0
42140.0,53.0
42176.0,31.0
42188.0,18.0
42215.0,33.0
42315.0,45.0
42349.0,36.0
42392.0,57.0
42458.0,23.0
42533.0,30.0
42673.0,62.0
42684.0,23.0
42703.0,37.0
42827.0,26.0
42844.0,34.0
42851.0,20.0
42871.0,29.0
42897.0,21.0
42910.0,23.0
43005.0,30.0
43074.0,37.0
43152.0,40.0
43238.0,49.0
43252.0,15.0
43363.0,42.0
43408.0,24.0
43518.0,39.0
43608.0,41.0
43640.0,31.0
43641.0,44.0
43713.0,21.0
43734.0,20.0
43758.0,35.0
43776.0,42.0
43843.0,29.0
43873.0,33.0
43877.0,17.0
43917.0,28.0
43994.0,38.0
44048.0,27.0
44202.0,29.0
44265.0,21.0
44280.0,24.0
44304.0,23.0
44314.0,64.0
44355.0,20.0
44362.0,28.0
44379.0,26.0
44420.0,23.0
44446.0,40.0
44464.0,28.0
44526.0,61.0
44546.0,28.0
44625.0,20.0
44644.0,32.0
44663.0,39.0
44665.0,49.0
44702.0,24.0
44904.0,29.0
44925.0,31.0
44929.0,58.0
44951.0,36.0
45065.0,32.0
45129.0,22.0
45162.0,27.0
45163.0,35.0
45201.0,31.0
45221.0,33.0
45289.0,36.0
45399.0,30.0
45497.0,28.0
45548.0,33.0
45575.0,49.0
45589.0,71.0
45623.0,25.0
45706.0,34.0
45707.0,58.0
45788.0,37.0
45812.0,55.0
45813.0,36.0
45841.0,17.0
45875.0,38.0
45941.0,57.0
45961.0,28.0
46002.0,49.0
46051.0,19.0
46088.0,25.0
46152.0,35.0
46252.0,33.0
46316.0,18.0
46343.0,49.0
46383.0,25.0
46440.0,51.0
46447.0,25.0
46601.0,43.0
46627.0,13.0
46644.0,29.0
46770.0,32.0
46957.0,24.0
47021.0,52.0
47088.0,40.0
47133.0,37.0
47196.0,21.0
47221.0,53.0
47239.0,49.0
47270.0,28.0
47280.0,58.0
47308.0,31.0
47352.0,29.0
47406.0,47.0
47429.0,29.0
47486.0,37.0
47487.0,51.0
47629.0,43.0
47708.0,27.0
47783.0,26.0
47815.0,26.0
47818.0,24.0
47888.0,29.0
47936.0,38.0
47942.0,26.0
47955.0,23.0
47966.0,35.0
48024.0,29.0
48031.0,28.0
48109.0,34.0
48265.0,24.0
48303.0,36.0
48320.0,32.0
48330.0,20.0
48382.0,43.0
48403.0,27.0
48471.0,27.0
48476.0,33.0
48486.0,41.0
48540.0,30.0
48561.0,46.0
48601.0,15.0
48624.0,44.0
48638.0,18.0
48713.0,20.0
48742.0,17.0
48750.0,28.0
48766.0,20.0
48770.0,26.0
48781.0,25.0
48814.0,28.0
48888.0,28.0
48948.0,57.0
48950.0,45.0
48994.0,36.0
49043.0,37.0
49088.0,35.0
49093.0,42.0
49155.0,23.0
49167.0,34.0
49285.0,46.0
49487.0,47.0
49587.0,23.0
49693.0,38.0
49697.0,21.0
49734.0,40.0
49850.0,47.0
49859.0,45.0
49940.0,21.0
49970.0,45.0
49986.0,33.0
50049.0,35.0
50177.0,57.0
50181.0,34.0
50200.0,52.0
50245.0,30.0
50253.0,65.0
50397.0,37.0
50463.0,37.0
50495.0,39.0
50554.0,48.0
50663.0,25.0
50689.0,30.0
50751.0,37.0
50820.0,58.0
50877.0,7.0
50987.0,30.0
51138.0,38.0
51149.0,54.0
51187.0,17.0
51215.0,23.0
51219.0,33.0
51270.0,36.0
51305.0,49.0
51326.0,25.0
51357.0,41.0
51426.0,40.0
51483.0,41.0
51552.0,20.0
51572.0,40.0
51595.0,26.0
51656.0,45.0
51688.0,26.0
51711.0,24.0
51807.0,25.0
51817.0,39.0
51862.0,26.0
51897.0,24.0
51904.0,44.0
51925.0,31.0
51956.0,39.0
52056.0,37.0
52150.0,71.0
52160.0,29.0
52166.0,59.0
52215.0,31.0
52401.0,28.0
52519.0,52.0
52526.0,31.0
52607.0,35.0
52619.0,23.0
52622.0,19.0
52746.0,20.0
52760.0,25.0
52765.0,15.0
52771.0,44.0
52779.0,56.0
52788.0,25.0
52885.0,30.0
52925.0,36.0
52950.0,44.0
52981.0,24.0
53035.0,77.0
53052.0,36.0
53068.0,19.0
53175.0,27.0
53193.0,83.0
53209.0,44.0
53218.0,30.0
53272.0,25.0
53364.0,39.0
53395.0,76.0
53512.0,34.0
53521.0,26.0
53581.0,61.0
53698.0,30.0
53725.0,29.0
53835.0,54.0
53892.0,28.0
53893.0,40.0
53908.0,34.0
53997.0,30.0
54030.0,35.0
54050.0,40.0
54072.0,30.0
54084.0,34.0
54110.0,23.0
54136.0,23.0
54140.0,26.0
54193.0,41.0
54208.0,40.0
54235.0,31.0
54338.0,29.0
54386.0,29.0
54411.0,18.0
54537.0,37.0
54547.0,54.0
54553.0,40.0
54572.0,63.0
54601.0,35.0
54608.0,26.0
54610.0,41.0
54617.0,39.0
54651.0,31.0
54662.0,30.0
54749.0,29.0
54792.0,45.0
54808.0,34.0
54933.0,49.0
55105.0,40.0
55228.0,20.0
55234.0,57.0
55370.0,17.0
55376.0,26.0
55459.0,29.0
55523.0,32.0
55621.0,60.0
55754.0,45.0
55760.0,47.0
55761.0,52.0
55781.0,34.0
55787.0,22.0
55812.0,61.0
55823.0,31.0
55949.0,30.0
55950.0,27.0
55954.0,49.0
55988.0,35.0
56068.0,72.0
56103.0,54.0
56104.0,26.0
56139.0,70.0
56142.0,68.0
56315.0,56.0
56412.0,42.0
56458.0,28.0
56468.0,21.0
56524.0,44.0
56618.0,24.0
56634.0,31.0
56740.0,27.0
56745.0,45.0
56776.0,24.0
56789.0,30.0
56791.0,29.0
56810.0,27.0
56848.0,40.0
56866.0,37.0
56867.0,58.0
56885.0,39.0
56907.0,21.0
56919.0,38.0
57068.0,19.0
57100.0,59.0
57103.0,33.0
57161.0,76.0
57190.0,42.0
57193.0,38.0
57199.0,46.0
57227.0,37.0
57437.0,57.0
57438.0,27.0
57447.0,13.0
57451.0,17.0
57456.0,36.0
57487.0,28.0
57521.0,29.0
57703.0,20.0
57718.0,31.0
57764.0,29.0
57787.0,4.0
57788.0,29.0
57819.0,23.0
57843.0,36.0
57918.0,27.0
57952.0,34.0
57966.0,43.0
58030.0,28.0
58037.0,47.0
58063.0,25.0
58074.0,47.0
58086.0,45.0
58095.0,42.0
58223.0,40.0
58233.0,37.0
58283.0,24.0
58304.0,29.0
58459.0,43.0
58513.0,25.0
58527.0,46.0
58551.0,46.0
58608.0,23.0
58691.0,21.0
58718.0,40.0
58790.0,56.0
58850.0,35.0
58869.0,24.0
58883.0,40.0
58899.0,45.0
58913.0,52.0
58932.0,23.0
58944.0,17.0
58971.0,18.0
59001.0,43.0
59053.0,17.0
59066.0,26.0
59087.0,32.0
59116.0,29.0
59127.0,30.0
59139.0,25.0
59155.0,30.0
59157.0,26.0
59220.0,49.0
59231.0,28.0
59254.0,32.0
59278.0,42.0
59301.0,25.0
59464.0,28.0
59482.0,30.0
59538.0,33.0
59645.0,24.0
59836.0,14.0
59862.0,43.0
59871.0,49.0
59905.0,26.0
59919.0,26.0
60010.0,36.0
60027.0,43.0
60036.0,37.0
60087.0,32.0
60137.0,23.0
60140.0,38.0
60182.0,24.0
60217.0,46.0
60262.0,26.0
60266.0,54.0
60343.0,30.0
60383.0,39.0
60419.0,34.0
60529.0,18.0
60565.0,57.0
60603.0,44.0
60658.0,68.0
60659.0,29.0
60802.0,29.0
60837.0,32.0
60877.0,49.0
60987.0,29.0
61002.0,38.0
61177.0,44.0
61208.0,54.0
61213.0,28.0
61243.0,52.0
61298.0,27.0
61310.0,25.0
61406.0,54.0
61447.0,14.0
61482.0,34.0
61485.0,22.0
61526.0,74.0
61632.0,54.0
61734.0,19.0
61739.0,21.0
61827.0,44.0
61845.0,55.0
61969.0,24.0
62017.0,53.0
62035.0,28.0
62125.0,25.0
62201.0,48.0
62304.0,26.0
62315.0,24.0
62330.0,65.0
62370.0,39.0
62394.0,60.0
62408.0,28.0
62414.0,29.0
62446.0,65.0
62459.0,45.0
62477.0,29.0
62484.0,53.0
62495.0,39.0
62537.0,34.0
62575.0,48.0
62597.0,36.0
62628.0,25.0
62633.0,30.0
62722.0,19.0
62762.0,21.0
62861.0,22.0
62874.0,29.0
62876.0,32.0
62913.0,35.0
62960.0,53.0
62981.0,34.0
62987.0,15.0
63074.0,25.0
63134.0,22.0
63161.0,28.0
63174.0,17.0
63230.0,23.0
63327.0,24.0
63336.0,20.0
63407.0,27.0
63416.0,30.0
63426.0,41.0
63431.0,26.0
63443.0,29.0
63567.0,22.0
63576.0,38.0
63689.0,34.0
63911.0,23.0
63946.0,57.0
63961.0,39.0
63989.0,32.0
64053.0,52.0
64070.0,45.0
64083.0,24.0
64199.0,50.0
64233.0,31.0
64247.0,28.0
64332.0,18.0
64364.0,27.0
64450.0,24.0
64495.0,28.0
64619.0,47.0
64667.0,29.0
64767.0,29.0
64797.0,25.0
64823.0,14.0
64843.0,22.0
64889.0,37.0
64903.0,39.0
64924.0,49.0
64975.0,32.0
65153.0,31.0
65159.0,36.0
65165.0,57.0
65277.0,43.0
65331.0,26.0
65372.0,19.0
65576.0,37.0
65598.0,30.0
65620.0,40.0
65671.0,50.0
65692.0,31.0
65771.0,26.0
65794.0,25.0
65872.0,59.0
65944.0,27.0
65950.0,23.0
65966.0,52.0
65987.0,31.0
66053.0,45.0
66088.0,39.0
66123.0,22.0
66145.0,29.0
66150.0,21.0
66158.0,35.0
66195.0,29.0
66218.0,30.0
66374.0,59.0
66441.0,34.0
66458.0,58.0
66472.0,36.0
66489.0,46.0
66512.0,43.0
66543.0,21.0
66611.0,50.0
66653.0,53.0
66704.0,45.0
66917.0,53.0
67028.0,38.0
67091.0,23.0
67093.0,30.0
67126.0,43.0
67141.0,17.0
67174.0,25.0
67179.0,35.0
67189.0,33.0
67373.0,49.0
67379.0,48.0
67452.0,22.0
67465.0,37.0
67534.0,47.0
67592.0,29.0
67595.0,35.0
67661.0,18.0
67711.0,31.0
67755.0,25.0
67894.0,25.0
67899.0,23.0
67901.0,24.0
67910.0,38.0
67934.0,40.0
67990.0,49.0
68007.0,36.0
68039.0,63.0
68117.0,39.0
68200.0,25.0
68247.0,31.0
68270.0,16.0
68276.0,27.0
68289.0,39.0
68393.0,30.0
68404.0,41.0
68413.0,24.0
68448.0,42.0
68508.0,33.0
68538.0,27.0
68558.0,34.0
68560.0,26.0
68620.0,35.0
68638.0,23.0
68663.0,31.0
68698.0,28.0
68783.0,97.0
68785.0,31.0
68797.0,32.0
68862.0,37.0
68871.0,43.0
68943.0,29.0
69130.0,30.0
69196.0,50.0
69204.0,30.0
69216.0,23.0
69287.0,34.0
69288.0,16.0
69298.0,33.0
69349.0,39.0
69393.0,60.0
69458.0,36.0
69466.0,31.0
69489.0,28.0
69490.0,34.0
69552.0,31.0
69659.0,30.0
69667.0,35.0
69823.0,32.0
69832.0,29.0
69929.0,38.0
70007.0,38.0
70020.0,24.0
70138.0,30.0
70154.0,66.0
70199.0,35.0
70301.0,29.0
70391.0,30.0
70415.0,26.0
70478.0,39.0
70589.0,50.0
70622.0,40.0
70733.0,29.0
70822.0,24.0
70847.0,29.0
70853.0,18.0
70903.0,23.0
70965.0,37.0
71008.0,34.0
71040.0,46.0
71158.0,31.0
71221.0,51.0
71376.0,12.0
71444.0,16.0
71523.0,32.0
71562.0,30.0
71577.0,33.0
71610.0,27.0
71654.0,24.0
71671.0,5.0
71741.0,53.0
71880.0,32.0
71882.0,47.0
71891.0,59.0
71931.0,42.0
71948.0,59.0
72063.0,41.0
72102.0,46.0
72189.0,39.0
72201.0,38.0
72213.0,27.0
72223.0,24.0
72278.0,31.0
72300.0,44.0
72353.0,27.0
72371.0,2.0
72391.0,20.0
72399.0,27.0
72514.0,50.0
72542.0,30.0
72589.0,41.0
72778.0,63.0
72781.0,23.0
72827.0,34.0
72927.0,38.0
73015.0,54.0
73044.0,27.0
73280.0,48.0
73286.0,29.0
73324.0,27.0
73392.0,32.0
73444.0,30.0
73480.0,38.0
73485.0,46.0
73489.0,38.0
73646.0,32.0
73668.0,45.0
73694.0,28.0
73701.0,19.0
73733.0,29.0
73738.0,27.0
73764.0,20.0
73890.0,31.0
73897.0,42.0
73917.0,55.0
73918.0,27.0
73921.0,65.0
73973.0,44.0
73981.0,17.0
73991.0,22.0
74003.0,27.0
74035.0,63.0
74063.0,25.0
74093.0,25.0
74144.0,18.0
74215.0,46.0
74218.0,32.0
74265.0,25.0
74266.0,24.0
74273.0,25.0
74402.0,25.0
74413.0,53.0
74447.0,36.0
74589.0,38.0
74601.0,29.0
74646.0,23.0
74664.0,24.0
74682.0,43.0
74757.0,32.0
74759.0,23.0
74768.0,25.0
74827.0,32.0
74831.0,46.0
74861.0,27.0
74875.0,44.0
74960.0,18.0
74968.0,18.0
75005.0,40.0
75018.0,25.0
75071.0,14.0
75080.0,43.0
75153.0,40.0
75164.0,35.0
75260.0,28.0
75291.0,17.0
75313.0,36.0
75331.0,25.0
75576.0,36.0
75600.0,51.0
75634.0,41.0
75687.0,26.0
75690.0,28.0
75749.0,31.0
75818.0,27.0
75877.0,33.0
75880.0,30.0
75896.0,34.0
75904.0,38.0
75950.0,32.0
75978.0,28.0
76086.0,31.0
76124.0,42.0
76153.0,36.0
76164.0,57.0
76172.0,20.0
76191.0,29.0
76266.0,33.0
76281.0,32.0
76336.0,45.0
76353.0,41.0
76600.0,43.0
76665.0,47.0
76668.0,35.0
76683.0,36.0
76694.0,40.0
76714.0,37.0
76762.0,34.0
76831.0,43.0
76836.0,24.0
76881.0,31.0
76895.0,24.0
76910.0,52.0
77042.0,34.0
77064.0,31.0
77127.0,60.0
77130.0,42.0
77173.0,43.0
77227.0,44.0
77262.0,51.0
77267.0,39.0
77419.0,24.0
77433.0,36.0
77440.0,54.0
77495.0,33.0
77511.0,24.0
77514.0,14.0
77520.0,40.0
77629.0,34.0
77645.0,30.0
77728.0,35.0
77749.0,23.0
78084.0,38.0
78106.0,33.0
78111.0,54.0
78120.0,45.0
78169.0,18.0
78200.0,20.0
78214.0,90.0
78245.0,29.0
78294.0,36.0
78317.0,32.0
78324.0,35.0
78380.0,32.0
78423.0,31.0
78427.0,36.0
78436.0,26.0
78469.0,39.0
78487.0,31.0
78508.0,18.0
78555.0,15.0
78672.0,18.0
78757.0,47.0
78774.0,51.0
78811.0,27.0
78917.0,31.0
78953.0,35.0
79049.0,47.0
79099.0,54.0
79110.0,55.0
79162.0,23.0
79218.0,54.0
79222.0,58.0
79234.0,38.0
79294.0,29.0
79311.0,20.0
79340.0,45.0
79395.0,44.0
79420.0,61.0
79461.0,42.0
79490.0,57.0
79497.0,43.0
79536.0,35.0
79545.0,29.0
79743.0,28.0
79774.0,41.0
79781.0,23.0
79853.0,25.0
79855.0,32.0
79947.0,39.0
80026.0,29.0
80040.0,30.0
80065.0,28.0
80179.0,28.0
80218.0,34.0
80348.0,26.0
80384.0,23.0
80412.0,26.0
80459.0,25.0
80501.0,55.0
80536.0,28.0
80563.0,39.0
80579.0,31.0
80588.0,48.0
80668.0,26.0
80683.0,27.0
80711.0,28.0
80774.0,43.0
80831.0,29.0
80966.0,32.0
80973.0,30.0
81023.0,23.0
81028.0,39.0
81033.0,37.0
81059.0,34.0
81088.0,24.0
81189.0,25.0
81224.0,26.0
81248.0,32.0
81281.0,55.0
81289.0,46.0
81297.0,32.0
81364.0,46.0
81487.0,44.0
81556.0,40.0
81566.0,39.0
81587.0,34.0
81589.0,20.0
81599.0,33.0
81627.0,23.0
81644.0,27.0
81655.0,42.0
81666.0,51.0
81737.0,18.0
81752.0,18.0
81806.0,37.0
81911.0,57.0
81921.0,31.0
81975.0,33.0
82027.0,25.0
82174.0,31.0
82193.0,26.0
82258.0,26.0
82286.0,32.0
82294.0,32.0
82319.0,45.0
82417.0,35.0
82435.0,36.0
82440.0,37.0
82472.0,46.0
82506.0,24.0
82547.0,27.0
82672.0,31.0
82676.0,35.0
82717.0,31.0
82733.0,35.0
82748.0,24.0
82756.0,39.0
82794.0,37.0
82825.0,40.0
82920.0,49.0
82953.0,34.0
83010.0,36.0
83029.0,21.0
83052.0,38.0
83066.0,36.0
83111.0,26.0
83209.0,40.0
83223.0,35.0
83233.0,16.0
83301.0,47.0
83335.0,30.0
83366.0,27.0
83374.0,35.0
83458.0,32.0
83504.0,36.0
83519.0,30.0
83571.0,53.0
83578.0,26.0
83598.0,12.0
83638.0,33.0
83722.0,36.0
83767.0,49.0
83772.0,37.0
83806.0,38.0
83818.0,8.0
83823.0,54.0
83903.0,35.0
83929.0,29.0
83936.0,35.0
83989.0,26.0
84023.0,27.0
84029.0,39.0
84092.0,42.0
84233.0,31.0
84302.0,30.0
84365.0,23.0
84417.0,22.0
84430.0,32.0
84438.0,36.0
84495.0,44.0
84515.0,35.0
84553.0,20.0
84576.0,28.0
84625.0,38.0
84686.0,21.0
84694.0,21.0
84797.0,47.0
84798.0,44.0
84810.0,30.0
84862.0,35.0
84863.0,29.0
84897.0,32.0
84993.0,34.0
85032.0,43.0
85033.0,51.0
85070.0,41.0
85091.0,46.0
85104.0,61.0
85110.0,50.0
85120.0,41.0
85154.0,33.0
85163.0,32.0
85207.0,64.0
85237.0,52.0
85360.0,33.0
85396.0,36.0
85431.0,21.0
85442.0,59.0
85472.0,27.0
85488.0,26.0
85508.0,35.0
85528.0,38.0
85540.0,33.0
85557.0,17.0
85574.0,29.0
85669.0,8.0
85690.0,32.0
85735.0,34.0
85757.0,27.0
85772.0,26.0
85780.0,28.0
85830.0,27.0
85856.0,42.0
85923.0,50.0
85928.0,24.0
85970.0,36.0
86076.0,32.0
86116.0,25.0
86128.0,21.0
86147.0,28.0
86185.0,26.0
86215.0,26.0
86218.0,39.0
86256.0,49.0
86349.0,21.0
86366.0,20.0
86379.0,33.0
86506.0,40.0
86519.0,39.0
86541.0,41.0
86548.0,37.0
86562.0,37.0
86578.0,28.0
86821.0,31.0
86825.0,34.0
86895.0,45.0
86943.0,28.0
87191.0,36.0
87202.0,24.0
87244.0,52.0
87250.0,40.0
87324.0,39.0
87514.0,27.0
87553.0,49.0
87572.0,48.0
87598.0,25.0
87650.0,14.0
87755.0,43.0
87805.0,26.0
87971.0,30.0
88104.0,21.0
88122.0,38.0
88156.0,41.0
88203.0,48.0
88273.0,53.0
88294.0,37.0
88428.0,25.0
88449.0,36.0
88455.0,34.0
88491.0,27.0
88511.0,34.0
88527.0,64.0
88549.0,47.0
88553.0,22.0
88574.0,32.0
88720.0,21.0
88757.0,50.0
88766.0,24.0
88792.0,34.0
88819.0,29.0
88980.0,49.0
89020.0,25.0
89079.0,67.0
89114.0,54.0
89168.0,24.0
89190.0,31.0
89212.0,35.0
89275.0,30.0
89277.0,49.0
89286.0,32.0
89514.0,25.0
89532.0,41.0
89626.0,27.0
89648.0,35.0
89766.0,42.0
89767.0,29.0
89778.0,44.0
89852.0,29.0
89892.0,30.0
90034.0,55.0
90063.0,36.0
90141.0,38.0
90186.0,33.0
90203.0,61.0
90255.0,36.0
90257.0,24.0
90326.0,29.0
90404.0,30.0
90447.0,47.0
90449.0,34.0
90482.0,20.0
90520.0,38.0
90708.0,22.0
90757.0,33.0
90804.0,56.0
90910.0,26.0
91041.0,39.0
91058.0,29.0
91111.0,14.0
91163.0,33.0
91233.0,71.0
91297.0,33.0
91307.0,26.0
91314.0,40.0
91340.0,18.0
91357.0,61.0
91391.0,22.0
91430.0,28.0
91434.0,24.0
91486.0,38.0
91607.0,31.0
91610.0,25.0
91671.0,30.0
91672.0,35.0
91678.0,20.0
91721.0,30.0
91762.0,55.0
91784.0,28.0
91842.0,33.0
91852.0,43.0
91863.0,44.0
91941.0,31.0
92002.0,29.0
92022.0,50.0
92029.0,44.0
92065.0,27.0
92066.0,49.0
92070.0,31.0
92108.0,31.0
92157.0,22.0
92290.0,38.0
92327.0,48.0
92354.0,31.0
92458.0,24.0
92463.0,31.0
92532.0,52.0
92576.0,37.0
92586.0,29.0
92593.0,23.0
92704.0,42.0
92731.0,62.0
92762.0,32.0
92826.0,33.0
92844.0,29.0
92856.0,40.0
92880.0,39.0
92955.0,31.0
92961.0,60.0
93007.0,29.0
93159.0,51.0
93193.0,26.0
93249.0,61.0
93442.0,11.0
93459.0,27.0
93519.0,38.0
93582.0,15.0
93609.0,36.0
93617.0,54.0
93645.0,59.0
93682.0,53.0
93700.0,49.0
93812.0,38.0
93836.0,50.0
93853.0,26.0
93873.0,55.0
94123.0,26.0
94186.0,25.0
94212.0,26.0
94238.0,37.0
94289.0,48.0
94292.0,43.0
94307.0,37.0
94379.0,34.0
94553.0,45.0
94645.0,42.0
94654.0,34.0
94784.0,24.0
94909.0,26.0
94921.0,28.0
94974.0,36.0
94986.0,44.0
95085.0,52.0
95154.0,72.0
95167.0,32.0
95260.0,34.0
95295.0,54.0
95398.0,46.0
95460.0,42.0
95550.0,66.0
95617.0,36.0
95692.0,28.0
95838.0,47.0
95887.0,37.0
95897.0,19.0
95910.0,37.0
95914.0,60.0
96151.0,38.0
96216.0,30.0
96227.0,29.0
96308.0,28.0
96316.0,27.0
96378.0,28.0
96413.0,39.0
96458.0,43.0
96532.0,45.0
96584.0,32.0
96585.0,30.0
96586.0,24.0
96694.0,43.0
96714.0,41.0
96732.0,44.0
96757.0,41.0
96846.0,41.0
96855.0,26.0
96903.0,55.0
97008.0,58.0
97051.0,33.0
97077.0,27.0
97078.0,33.0
97084.0,49.0
97118.0,53.0
97143.0,25.0
97190.0,51.0
97260.0,57.0
97360.0,22.0
97396.0,23.0
97521.0,29.0
97522.0,28.0
97587.0,19.0
97635.0,35.0
97661.0,31.0
97903.0,35.0
97913.0,26.0
97976.0,24.0
97984.0,34.0
97990.0,28.0
98010.0,21.0
98078.0,24.0
98137.0,50.0
98153.0,17.0
98248.0,37.0
98250.0,37.0
98276.0,43.0
98293.0,17.0
98310.0,26.0
98380.0,46.0
98397.0,26.0
98445.0,29.0
98584.0,31.0
98641.0,26.0
98666.0,33.0
98677.0,44.0
98704.0,46.0
98736.0,30.0
98739.0,52.0
98795.0,55.0
98941.0,29.0
98953.0,25.0
99047.0,44.0
99113.0,60.0
99141.0,23.0
99165.0,73.0
99190.0,33.0
99196.0,28.0
99249.0,31.0
99305.0,17.0
99336.0,18.0
99447.0,58.0
99469.0,57.0
99509.0,27.0
99606.0,38.0
99669.0,32.0
99680.0,34.0
99812.0,23.0
99826.0,60.0
99834.0,63.0
99884.0,19.0
99950.0,57.0
100071.0,28.0
100099.0,29.0
100100.0,24.0
100164.0,26.0
100220.0,44.0
100316.0,44.0
100329.0,43.0
100415.0,29.0
100428.0,33.0
100494.0,39.0
100504.0,29.0
100509.0,28.0
100520.0,20.0
100529.0,21.0
100535.0,25.0
100538.0,23.0
100563.0,33.0
100578.0,22.0
100591.0,46.0
100634.0,35.0
100659.0,43.0
100672.0,32.0
100696.0,20.0
100705.0,57.0
100710.0,38.0
100849.0,15.0
100861.0,28.0
100909.0,22.0
100921.0,46.0
100971.0,47.0
100991.0,37.0
101074.0,32.0
101124.0,11.0
101233.0,24.0
101327.0,35.0
101411.0,29.0
101475.0,50.0
101555.0,35.0
101581.0,27.0
101592.0,43.0
101794.0,28.0
101845.0,41.0
101846.0,26.0
101858.0,40.0
101901.0,36.0
101903.0,21.0
101929.0,35.0
102078.0,58.0
102100.0,32.0
102123.0,31.0
102141.0,51.0
102273.0,30.0
102379.0,34.0
102442.0,43.0
102452.0,41.0
102465.0,60.0
102523.0,44.0
102566.0,35.0
102619.0,58.0
102626.0,44.0
102630.0,41.0
102652.0,36.0
102670.0,47.0
102782.0,27.0
102881.0,37.0
102973.0,37.0
102996.0,50.0
103032.0,41.0
103102.0,31.0
103145.0,28.0
103189.0,23.0
103199.0,47.0
103218.0,21.0
103230.0,30.0
103247.0,25.0
103264.0,58.0
103277.0,28.0
103283.0,40.0
103330.0,45.0
103415.0,27.0
103536.0,25.0
103597.0,39.0
103633.0,29.0
103648.0,33.0
103669.0,44.0
103679.0,29.0
103748.0,18.0
103762.0,57.0
103891.0,36.0
103896.0,28.0
103898.0,25.0
103990.0,29.0
104061.0,31.0
104099.0,69.0
104101.0,45.0
104191.0,36.0
104202.0,27.0
104217.0,27.0
104219.0,15.0
104308.0,53.0
104322.0,48.0
104408.0,33.0
104427.0,50.0
104443.0,38.0
104459.0,34.0
104499.0,34.0
104542.0,36.0
104595.0,26.0
104607.0,38.0
104663.0,37.0
104725.0,47.0
104778.0,32.0
104785.0,31.0
104809.0,40.0
104820.0,47.0
104874.0,38.0
104897.0,46.0
104939.0,33.0
104975.0,32.0
104985.0,33.0
105012.0,57.0
105023.0,31.0
105037.0,55.0
105038.0,61.0
105118.0,55.0
105127.0,32.0
105236.0,21.0
105285.0,30.0
105318.0,46.0
105529.0,27.0
105672.0,34.0
105698.0,32.0
105754.0,33.0
105821.0,30.0
105835.0,35.0
105903.0,34.0
105947.0,23.0
106083.0,31.0
106089.0,30.0
106099.0,25.0
106181.0,27.0
106200.0,47.0
106208.0,37.0
106209.0,36.0
106262.0,39.0
106266.0,42.0
106273.0,20.0
106298.0,23.0
106327.0,30.0
106333.0,30.0
106340.0,41.0
106376.0,33.0
106386.0,42.0
106425.0,33.0
106438.0,29.0
106511.0,52.0
106523.0,49.0
106578.0,27.0
106694.0,33.0
106702.0,46.0
106704.0,22.0
106787.0,81.0
106809.0,55.0
106842.0,45.0
106855.0,58.0
106868.0,32.0
106890.0,34.0
106902.0,49.0
106946.0,66.0
107152.0,34.0
107225.0,29.0
107298.0,31.0
107387.0,82.0
107415.0,28.0
107471.0,25.0
107523.0,50.0
107553.0,18.0
107622.0,32.0
107627.0,42.0
107662.0,23.0
107682.0,24.0
107734.0,31.0
107772.0,56.0
107792.0,39.0
107800.0,26.0
107801.0,26.0
107803.0,42.0
107806.0,26.0
107825.0,37.0
107837.0,22.0
107860.0,22.0
107883.0,41.0
107930.0,27.0
107963.0,28.0
108011.0,63.0
108209.0,40.0
108231.0,38.0
108410.0,54.0
108526.0,33.0
108669.0,53.0
108670.0,35.0
108719.0,39.0
108728.0,43.0
108749.0,32.0
108926.0,3.0
109052.0,29.0
109073.0,28.0
109125.0,33.0
109170.0,13.0
109218.0,47.0
109224.0,21.0
109249.0,25.0
109285.0,30.0
109371.0,20.0
109448.0,31.0
109452.0,25.0
109487.0,35.0
109494.0,35.0
109504.0,25.0
109511.0,26.0
109532.0,28.0
109558.0,40.0
109569.0,62.0
109643.0,24.0
109710.0,44.0
109750.0,44.0
109761.0,26.0
109767.0,40.0
109848.0,36.0
109862.0,40.0
109898.0,30.0
109915.0,43.0
109924.0,15.0
109977.0,48.0
109981.0,33.0
110045.0,28.0
110083.0,35.0
110143.0,24.0
110169.0,29.0
110199.0,19.0
110203.0,35.0
110209.0,35.0
110333.0,26.0
110420.0,35.0
110462.0,68.0
110468.0,57.0
110471.0,27.0
110490.0,49.0
110593.0,32.0
110637.0,29.0
110649.0,31.0
110709.0,23.0
110720.0,55.0
110738.0,44.0
110760.0,33.0
110786.0,61.0
110794.0,28.0
110948.0,34.0
111012.0,27.0
111089.0,28.0
111108.0,42.0
111161.0,41.0
111195.0,33.0
111210.0,37.0
111243.0,31.0
111255.0,30.0
111264.0,32.0
111285.0,49.0
111408.0,32.0
111495.0,38.0
111529.0,24.0
111552.0,39.0
111618.0,24.0
111696.0,37.0
111721.0,28.0
111845.0,18.0
111894.0,39.0
111932.0,24.0
112082.0,65.0
112188.0,33.0
112243.0,100.0
112251.0,12.0
112303.0,28.0
112305.0,29.0
112346.0,16.0
112354.0,19.0
112361.0,34.0
112436.0,22.0
112444.0,24.0
112445.0,33.0
112470.0,47.0
112482.0,37.0
112509.0,33.0
112529.0,35.0
112567.0,23.0
112600.0,44.0
112747.0,22.0
112801.0,25.0
112805.0,51.0
112864.0,37.0
112883.0,44.0
112974.0,61.0
112986.0,38.0
113062.0,23.0
113162.0,24.0
113240.0,28.0
113259.0,26.0
113266.0,28.0
113281.0,40.0
113406.0,49.0
113439.0,26.0
113491.0,41.0
113515.0,37.0
113537.0,55.0
113705.0,36.0
113711.0,33.0
113971.0,30.0
114027.0,38.0
114080.0,40.0
114127.0,33.0
114223.0,43.0
114242.0,52.0
114328.0,38.0
114349.0,45.0
114350.0,51.0
114486.0,36.0
114501.0,80.0
114691.0,41.0
114712.0,59.0
114722.0,30.0
114818.0,49.0
114820.0,37.0
114845.0,28.0
114919.0,3.0
114929.0,27.0
115052.0,46.0
115070.0,39.0
115100.0,52.0
115112.0,45.0
115120.0,30.0
115130.0,26.0
115192.0,26.0
115239.0,34.0
115405.0,53.0
115653.0,28.0
115727.0,32.0
115850.0,40.0
115858.0,29.0
115873.0,41.0
115894.0,51.0
115897.0,50.0
115914.0,37.0
115979.0,27.0
116015.0,49.0
116038.0,33.0
116249.0,54.0
116315.0,23.0
116354.0,26.0
116463.0,28.0
116508.0,51.0
116511.0,41.0
116517.0,33.0
116533.0,50.0
116547.0,46.0
116674.0,26.0
116732.0,41.0
116786.0,41.0
116810.0,43.0
116836.0,27.0
116992.0,51.0
116997.0,53.0
117054.0,39.0
117187.0,29.0
117201.0,59.0
117313.0,36.0
117336.0,17.0
117382.0,27.0
117398.0,55.0
117401.0,68.0
117403.0,36.0
117404.0,35.0
117420.0,28.0
117435.0,34.0
117436.0,34.0
117450.0,36.0
117455.0,38.0
117457.0,26.0
117468.0,22.0
117487.0,18.0
117528.0,34.0
117553.0,25.0
117668.0,30.0
117684.0,26.0
117687.0,38.0
117758.0,58.0
117778.0,26.0
117830.0,39.0
117915.0,63.0
118148.0,26.0
118196.0,30.0
118221.0,31.0
118290.0,26.0
118386.0,49.0
118459.0,21.0
118515.0,30.0
118550.0,22.0
118598.0,34.0
118621.0,51.0
118714.0,19.0
118922.0,39.0
119042.0,62.0
119053.0,46.0
119071.0,65.0
119081.0,43.0
119171.0,21.0
119195.0,34.0
119271.0,50.0
119273.0,58.0
119315.0,42.0
119322.0,57.0
119343.0,32.0
119453.0,65.0
119462.0,15.0
119514.0,44.0
119940.0,39.0
119953.0,21.0
119992.0,39.0
119996.0,19.0
120058.0,29.0
120147.0,26.0
120153.0,48.0
120196.0,21.0
120216.0,58.0
120395.0,41.0
120401.0,25.0
120410.0,36.0
120425.0,34.0
120486.0,27.0
120576.0,35.0
120619.0,19.0
120675.0,40.0
120728.0,45.0
120731.0,25.0
120746.0,29.0
120796.0,19.0
120815.0,28.0
120818.0,29.0
120822.0,24.0
120831.0,29.0
120875.0,23.0
120879.0,47.0
120884.0,22.0
120886.0,25.0
120891.0,21.0
121093.0,25.0
121123.0,29.0
121188.0,54.0
121241.0,52.0
121253.0,53.0
121306.0,32.0
121364.0,39.0
121462.0,30.0
121603.0,32.0
121631.0,32.0
121651.0,40.0
121664.0,23.0
121665.0,23.0
121767.0,32.0
121794.0,28.0
121847.0,38.0
121922.0,18.0
121944.0,48.0
121986.0,37.0
121998.0,37.0
122082.0,48.0
122099.0,54.0
122110.0,31.0
122128.0,40.0
122162.0,30.0
122168.0,16.0
122315.0,30.0
122340.0,36.0
122411.0,64.0
122434.0,40.0
122457.0,23.0
122491.0,55.0
122522.0,36.0
122579.0,30.0
122627.0,43.0
122707.0,18.0
122735.0,47.0
122780.0,47.0
122793.0,24.0
122849.0,33.0
122927.0,24.0
122981.0,37.0
123041.0,36.0
123070.0,36.0
123096.0,32.0
123104.0,36.0
123247.0,39.0
123266.0,26.0
123284.0,27.0
123328.0,37.0
123344.0,34.0
123363.0,25.0
123379.0,43.0
123431.0,25.0
123470.0,16.0
123493.0,29.0
123551.0,16.0
123562.0,19.0
123582.0,20.0
123678.0,29.0
123706.0,24.0
123782.0,45.0
123786.0,33.0
123788.0,37.0
123844.0,14.0
123851.0,28.0
123852.0,45.0
123952.0,22.0
123969.0,32.0
123991.0,29.0
124002.0,26.0
124014.0,32.0
124132.0,42.0
124206.0,28.0
124215.0,38.0
124261.0,43.0
124263.0,58.0
124268.0,25.0
124291.0,58.0
124358.0,42.0
124428.0,53.0
124472.0,35.0
124529.0,28.0
124559.0,52.0
124566.0,57.0
124642.0,46.0
124644.0,53.0
124708.0,32.0
124722.0,46.0
124725.0,41.0
124776.0,35.0
124840.0,53.0
124852.0,30.0
124855.0,23.0
124857.0,37.0
124937.0,12.0
124958.0,16.0
124963.0,38.0
124993.0,59.0
125061.0,23.0
125071.0,23.0
125124.0,26.0
125265.0,33.0
125270.0,48.0
125273.0,32.0
125310.0,52.0
125316.0,35.0
125321.0,60.0
125406.0,37.0
125464.0,17.0
125479.0,24.0
125496.0,57.0
125527.0,48.0
125567.0,23.0
125647.0,36.0
125679.0,27.0
125715.0,43.0
125804.0,24.0
125884.0,26.0
125971.0,25.0
126065.0,35.0
126131.0,38.0
126176.0,25.0
126199.0,42.0
126261.0,36.0
126295.0,26.0
126343.0,30.0
126446.0,33.0
126509.0,21.0
126579.0,32.0
126585.0,42.0
126626.0,24.0
126630.0,28.0
126742.0,50.0
126834.0,23.0
126872.0,27.0
126913.0,38.0
127007.0,33.0
127039.0,37.0
127101.0,41.0
127115.0,9.0
127145.0,34.0
127182.0,18.0
127232.0,62.0
127313.0,50.0
127329.0,36.0
127423.0,39.0
127439.0,31.0
127445.0,59.0
127448.0,61.0
127484.0,34.0
127512.0,43.0
127522.0,39.0
127592.0,56.0
127598.0,20.0
127609.0,34.0
127638.0,33.0
127666.0,32.0
127696.0,47.0
127700.0,32.0
127828.0,63.0
127892.0,31.0
127898.0,43.0
127900.0,37.0
127937.0,36.0
127972.0,32.0
128076.0,29.0
128203.0,79.0
128263.0,23.0
128284.0,42.0
128309.0,32.0
128376.0,35.0
128500.0,30.0
128636.0,24.0
128668.0,35.0
128726.0,44.0
128767.0,29.0
128805.0,26.0
128852.0,40.0
129271.0,24.0
129278.0,32.0
129301.0,28.0
129302.0,42.0
129316.0,34.0
129327.0,54.0
129358.0,40.0
129520.0,25.0
129550.0,24.0
129556.0,57.0
129572.0,29.0
129591.0,35.0
129621.0,33.0
129716.0,20.0
129759.0,55.0
129911.0,30.0
129942.0,55.0
129943.0,34.0
129948.0,43.0
130004.0,65.0
130036.0,43.0
130098.0,35.0
130156.0,23.0
130185.0,56.0
130211.0,16.0
130320.0,37.0
130364.0,37.0
130467.0,35.0
130518.0,35.0
130606.0,18.0
130727.0,30.0
130733.0,45.0
130827.0,48.0
130836.0,41.0
130857.0,31.0
130877.0,34.0
130944.0,31.0
131081.0,19.0
131099.0,60.0
131346.0,29.0
131431.0,25.0
131510.0,32.0
131596.0,27.0
131656.0,64.0
131671.0,19.0
131862.0,34.0
131885.0,32.0
131910.0,39.0
132074.0,28.0
132094.0,26.0
132101.0,32.0
132128.0,28.0
132142.0,27.0
132259.0,25.0
132300.0,23.0
132373.0,29.0
132459.0,41.0
132664.0,28.0
132697.0,30.0
132779.0,34.0
132803.0,26.0
132814.0,35.0
132831.0,26.0
132883.0,45.0
132931.0,36.0
132977.0,56.0
132987.0,45.0
132990.0,34.0
133080.0,42.0
133087.0,30.0
133183.0,54.0
133201.0,23.0
133254.0,29.0
133300.0,41.0
133332.0,59.0
133435.0,23.0
133508.0,41.0
133523.0,57.0
133597.0,51.0
133642.0,33.0
133644.0,31.0
133662.0,33.0
133687.0,17.0
133704.0,56.0
133777.0,27.0
133799.0,31.0
133877.0,29.0
133925.0,30.0
133996.0,58.0
134014.0,26.0
134044.0,37.0
134091.0,29.0
134092.0,34.0
134210.0,35.0
134304.0,57.0
134325.0,45.0
134330.0,23.0
134338.0,33.0
134444.0,18.0
134475.0,27.0
134580.0,41.0
134610.0,61.0
134664.0,27.0
134677.0,24.0
134681.0,38.0
134694.0,45.0
134726.0,32.0
134767.0,38.0
134778.0,46.0
134784.0,51.0
134851.0,18.0
134857.0,54.0
134877.0,4.0
134961.0,24.0
135088.0,37.0
135097.0,28.0
135126.0,35.0
135144.0,16.0
135175.0,25.0
135223.0,56.0
135271.0,35.0
135272.0,13.0
135286.0,19.0
135302.0,46.0
135331.0,36.0
135334.0,27.0
135339.0,20.0
135344.0,35.0
135474.0,48.0
135544.0,18.0
135555.0,74.0
135574.0,24.0
135621.0,33.0
135637.0,21.0
135671.0,38.0
135798.0,38.0
135816.0,37.0
135885.0,31.0
135933.0,47.0
135967.0,33.0
135988.0,27.0
136008.0,37.0
136049.0,27.0
136091.0,32.0
136104.0,41.0
136215.0,38.0
136265.0,33.0
136376.0,42.0
136379.0,36.0
136425.0,19.0
136467.0,52.0
136468.0,30.0
136497.0,25.0
136587.0,32.0
136662.0,26.0
136693.0,30.0
136762.0,32.0
136763.0,17.0
136767.0,22.0
136783.0,16.0
136833.0,19.0
136838.0,76.0
136908.0,29.0
137035.0,39.0
137051.0,44.0
137090.0,33.0
137098.0,31.0
137173.0,41.0
137336.0,32.0
137353.0,32.0
137374.0,31.0
137386.0,56.0
137388.0,37.0
137390.0,30.0
137435.0,32.0
137480.0,30.0
137495.0,27.0
137526.0,28.0
137569.0,23.0
137632.0,29.0
137649.0,23.0
137714.0,29.0
137812.0,36.0
137862.0,44.0
137971.0,33.0
138029.0,30.0
138043.0,40.0
138059.0,28.0
138105.0,34.0
138124.0,52.0
138219.0,30.0
138223.0,43.0
138393.0,60.0
138436.0,15.0
138509.0,44.0
138529.0,62.0
138542.0,27.0
138543.0,38.0
138583.0,37.0
138588.0,34.0
138603.0,20.0
138614.0,28.0
138852.0,32.0
138869.0,46.0
138890.0,33.0
138892.0,33.0
138940.0,26.0
138974.0,26.0
139003.0,36.0
139095.0,46.0
139220.0,24.0
139254.0,38.0
139467.0,28.0
139478.0,43.0
139483.0,44.0
139496.0,26.0
139520.0,29.0
139638.0,36.0
139743.0,45.0
139794.0,35.0
139803.0,58.0
139825.0,43.0
139909.0,36.0
140018.0,23.0
140022.0,41.0
140027.0,38.0
140067.0,29.0
140094.0,40.0
140247.0,35.0
140293.0,35.0
140319.0,34.0
140472.0,25.0
140491.0,23.0
140543.0,28.0
140640.0,51.0
140655.0,26.0
140743.0,48.0
140746.0,46.0
140754.0,47.0
140774.0,39.0
140852.0,43.0
140928.0,27.0
140996.0,42.0
141001.0,29.0
141180.0,27.0
141205.0,41.0
141261.0,43.0
141339.0,34.0
141401.0,42.0
141405.0,34.0
141461.0,30.0
141463.0,21.0
141471.0,41.0
141502.0,29.0
141508.0,39.0
141537.0,40.0
141644.0,25.0
141658.0,38.0
141723.0,32.0
141790.0,72.0
141848.0,54.0
141850.0,42.0
141854.0,35.0
141859.0,41.0
141862.0,35.0
141927.0,68.0
141932.0,29.0
142048.0,35.0
142158.0,28.0
142203.0,47.0
142336.0,27.0
142424.0,46.0
142483.0,36.0
142484.0,29.0
142513.0,27.0
142544.0,25.0
142614.0,28.0
142620.0,17.0
142626.0,35.0
142699.0,49.0
142756.0,34.0
142795.0,32.0
142802.0,21.0
142834.0,37.0
142842.0,41.0
142845.0,21.0
142852.0,22.0
142942.0,46.0
142943.0,51.0
142986.0,40.0
142996.0,32.0
143012.0,33.0
143056.0,18.0
143092.0,55.0
143147.0,74.0
143306.0,57.0
143314.0,49.0
143326.0,14.0
143340.0,26.0
143352.0,25.0
143354.0,36.0
143425.0,28.0
143448.0,52.0
143451.0,24.0
143482.0,26.0
143508.0,20.0
143690.0,32.0
143749.0,34.0
143779.0,28.0
143786.0,38.0
143789.0,46.0
143840.0,33.0
143848.0,33.0
143886.0,64.0
143887.0,49.0
143954.0,40.0
143956.0,67.0
143969.0,33.0
143970.0,34.0
144044.0,15.0
144081.0,41.0
144101.0,29.0
144128.0,23.0
144277.0,28.0
144352.0,23.0
144452.0,38.0
144494.0,23.0
144562.0,44.0
144569.0,64.0
144621.0,35.0
144696.0,27.0
144705.0,17.0
144816.0,35.0
144833.0,30.0
144874.0,28.0
144880.0,24.0
144896.0,28.0
144900.0,46.0
144974.0,32.0
144982.0,23.0
144997.0,25.0
145003.0,17.0
145004.0,26.0
145058.0,23.0
145061.0,24.0
145091.0,36.0
145126.0,44.0
145133.0,30.0
145180.0,17.0
145297.0,33.0
145370.0,26.0
145395.0,14.0
145431.0,13.0
145433.0,34.0
145529.0,50.0
145557.0,25.0
145565.0,36.0
145574.0,33.0
145671.0,43.0
145817.0,38.0
145825.0,51.0
145841.0,31.0
145888.0,31.0
145891.0,32.0
145921.0,63.0
145922.0,43.0
145935.0,56.0
146003.0,47.0
146038.0,32.0
146053.0,51.0
146063.0,35.0
146110.0,44.0
146115.0,22.0
146157.0,40.0
146170.0,47.0
146237.0,42.0
146319.0,33.0
146341.0,32.0
146353.0,32.0
146357.0,29.0
146401.0,23.0
146405.0,18.0
146447.0,26.0
146507.0,49.0
146610.0,27.0
146632.0,23.0
146649.0,53.0
146669.0,55.0
146686.0,44.0
146733.0,24.0
146774.0,26.0
146796.0,28.0
146856.0,30.0
146926.0,28.0
146947.0,27.0
146951.0,36.0
147026.0,35.0
147161.0,20.0
147180.0,45.0
147259.0,32.0
147305.0,29.0
147347.0,35.0
147350.0,34.0
147444.0,31.0
147467.0,35.0
147470.0,22.0
147471.0,23.0
147539.0,27.0
147585.0,33.0
147644.0,23.0
147652.0,21.0
147664.0,34.0
147677.0,39.0
147816.0,25.0
147865.0,26.0
147936.0,31.0
147937.0,37.0
148046.0,39.0
148058.0,19.0
148108.0,25.0
148250.0,30.0
148342.0,55.0
148404.0,52.0
148438.0,29.0
148457.0,38.0
148520.0,62.0
148549.0,17.0
148556.0,29.0
148661.0,30.0
148665.0,44.0
148670.0,17.0
148708.0,50.0
148732.0,25.0
148759.0,36.0
148760.0,42.0
148788.0,34.0
148826.0,43.0
148880.0,34.0
148908.0,48.0
149044.0,38.0
149071.0,33.0
149091.0,36.0
149099.0,46.0
149255.0,22.0
149307.0,56.0
149369.0,51.0
149407.0,35.0
149461.0,38.0
149483.0,34.0
149567.0,12.0
149664.0,61.0
149818.0,29.0
149829.0,23.0
149848.0,50.0
149852.0,55.0
149902.0,20.0
149935.0,43.0
150023.0,41.0
150172.0,33.0
150180.0,36.0
150196.0,24.0
150210.0,30.0
150211.0,33.0
150217.0,37.0
150223.0,52.0
150241.0,25.0
150270.0,23.0
150298.0,25.0
150313.0,59.0
150362.0,28.0
150411.0,37.0
150418.0,46.0
150430.0,25.0
150448.0,25.0
150466.0,23.0
150494.0,8.0
150517.0,54.0
150585.0,34.0
150604.0,57.0
150650.0,57.0
150719.0,30.0
150867.0,32.0
150951.0,21.0
150998.0,32.0
151038.0,52.0
151217.0,27.0
151229.0,13.0
151306.0,34.0
151319.0,37.0
151325.0,33.0
151330.0,36.0
151339.0,16.0
151341.0,32.0
151350.0,30.0
151373.0,21.0
151403.0,23.0
151433.0,43.0
151575.0,25.0
151724.0,24.0
151768.0,31.0
151781.0,52.0
151807.0,23.0
151828.0,21.0
151882.0,49.0
151902.0,40.0
151931.0,27.0
151942.0,26.0
151993.0,33.0
152050.0,32.0
152058.0,27.0
152064.0,45.0
152114.0,23.0
152128.0,33.0
152154.0,25.0
152156.0,31.0
152208.0,55.0
152241.0,32.0
152253.0,50.0
152272.0,33.0
152279.0,36.0
152308.0,22.0
152330.0,41.0
152468.0,28.0
152534.0,39.0
152553.0,54.0
152593.0,53.0
152646.0,44.0
152659.0,49.0
152741.0,46.0
152937.0,42.0
153091.0,29.0
153111.0,21.0
153311.0,14.0
153352.0,35.0
153361.0,33.0
153451.0,34.0
153454.0,58.0
153517.0,26.0
153720.0,40.0
153721.0,36.0
153824.0,38.0
153827.0,31.0
153944.0,34.0
153949.0,32.0
154025.0,39.0
154214.0,22.0
154264.0,35.0
154265.0,22.0
154338.0,10.0
154451.0,29.0
154494.0,47.0
154506.0,37.0
154536.0,29.0
154560.0,37.0
154599.0,41.0
154781.0,32.0
155003.0,25.0
155016.0,27.0
155057.0,28.0
155072.0,38.0
155084.0,15.0
155103.0,49.0
155126.0,55.0
155129.0,34.0
155152.0,25.0
155182.0,24.0
155213.0,30.0
155214.0,56.0
155216.0,45.0
155246.0,41.0
155278.0,46.0
155309.0,24.0
155428.0,2.0
155429.0,51.0
155452.0,21.0
155556.0,44.0
155611.0,25.0
155692.0,32.0
155764.0,25.0
155896.0,23.0
155914.0,32.0
155944.0,27.0
156050.0,23.0
156073.0,42.0
156123.0,37.0
156130.0,54.0
156155.0,35.0
156170.0,48.0
156191.0,25.0
156315.0,32.0
156323.0,50.0
156448.0,24.0
156588.0,25.0
156615.0,27.0
156723.0,12.0
156763.0,32.0
156861.0,35.0
156880.0,28.0
156905.0,41.0
156952.0,25.0
156988.0,25.0
157002.0,37.0
157067.0,53.0
157121.0,17.0
157126.0,48.0
157131.0,29.0
157281.0,17.0
157432.0,32.0
157476.0,23.0
157557.0,24.0
157598.0,26.0
157697.0,61.0
157699.0,41.0
157700.0,27.0
157711.0,17.0
157745.0,47.0
157777.0,31.0
157896.0,37.0
157901.0,28.0
158040.0,44.0
158134.0,34.0
158160.0,42.0
158163.0,24.0
158298.0,29.0
158304.0,25.0
158308.0,33.0
158331.0,36.0
158448.0,17.0
158522.0,24.0
158537.0,23.0
158646.0,25.0
158671.0,33.0
158749.0,25.0
158798.0,53.0
158801.0,25.0
158873.0,42.0
158948.0,33.0
159000.0,35.0
159045.0,75.0
159113.0,31.0
159127.0,56.0
159151.0,41.0
159269.0,30.0
159379.0,47.0
159472.0,24.0
159506.0,62.0
159539.0,59.0
159609.0,45.0
159617.0,50.0
159714.0,35.0
159806.0,35.0
159827.0,22.0
159829.0,39.0
159845.0,33.0
159846.0,33.0
160033.0,32.0
160074.0,26.0
160092.0,35.0
160118.0,37.0
160150.0,22.0
160193.0,62.0
160226.0,23.0
160238.0,49.0
160277.0,46.0
160299.0,69.0
160303.0,49.0
160304.0,43.0
160520.0,34.0
160565.0,31.0
160587.0,35.0
160638.0,29.0
160664.0,25.0
160776.0,35.0
160804.0,19.0
160853.0,36.0
160873.0,20.0
160891.0,37.0
160905.0,30.0
160924.0,34.0
160951.0,31.0
160974.0,40.0
161021.0,38.0
161065.0,16.0
161142.0,57.0
161265.0,49.0
161304.0,41.0
161341.0,38.0
161416.0,40.0
161422.0,9.0
161509.0,33.0
161513.0,40.0
161518.0,29.0
161579.0,25.0
161585.0,16.0
161614.0,27.0
161625.0,28.0
161757.0,41.0
161862.0,57.0
161872.0,31.0
162063.0,27.0
162077.0,63.0
162106.0,56.0
162115.0,52.0
162122.0,44.0
162126.0,53.0
162159.0,29.0
162292.0,25.0
162307.0,39.0
162321.0,39.0
162367.0,50.0
162381.0,39.0
162410.0,34.0
162464.0,27.0
162471.0,63.0
162508.0,32.0
162522.0,35.0
162585.0,21.0
162618.0,25.0
162991.0,49.0
163023.0,37.0
163104.0,23.0
163159.0,40.0
163223.0,23.0
163313.0,31.0
163483.0,24.0
163486.0,36.0
163544.0,33.0
163562.0,18.0
163610.0,71.0
163614.0,55.0
163694.0,37.0
163797.0,41.0
163916.0,32.0
164028.0,30.0
164072.0,20.0
164075.0,20.0
164087.0,41.0
164088.0,37.0
164121.0,24.0
164124.0,26.0
164211.0,26.0
164221.0,28.0
164262.0,41.0
164268.0,33.0
164280.0,51.0
164358.0,21.0
164476.0,33.0
164486.0,40.0
164586.0,17.0
164790.0,34.0
164854.0,29.0
164860.0,24.0
164914.0,24.0
164967.0,43.0
165135.0,35.0
165308.0,47.0
165333.0,46.0
165349.0,49.0
165362.0,38.0
165375.0,27.0
165383.0,30.0
165456.0,20.0
165537.0,35.0
165540.0,36.0
165617.0,26.0
165632.0,21.0
165654.0,17.0
165665.0,26.0
165689.0,12.0
165724.0,25.0
165743.0,30.0
165748.0,55.0
165864.0,27.0
165915.0,22.0
165919.0,35.0
165944.0,34.0
165959.0,11.0
165967.0,25.0
166072.0,70.0
166097.0,8.0
166210.0,48.0
166233.0,31.0
166261.0,62.0
166325.0,48.0
166494.0,40.0
166507.0,45.0
166508.0,34.0
166558.0,56.0
166616.0,27.0
166641.0,34.0
166664.0,32.0
166748.0,57.0
167018.0,28.0
167022.0,33.0
